"";"     [ALL]      ";"       0        ";"       1        ";"p.overall"
"";"     N=408      ";"     N=272      ";"     N=136      ";"         "
"Edat";"  82.0 (8.84)   ";"  82.1 (8.80)   ";"  82.0 (8.97)   ";"  0.931  "
"Sexe:";"                ";"                ";"                ";"  1.000  "
"    F";"  300 (79.2%)   ";"  200 (79.1%)   ";"  100 (79.4%)   ";"         "
"    M";"   79 (20.8%)   ";"   53 (20.9%)   ";"   26 (20.6%)   ";"         "
"ServeiAlta:";"                ";"                ";"                ";" <0.001  "
"    CGURG";"   31 (7.60%)   ";"   31 (11.4%)   ";"   0 (0.00%)    ";"         "
"    GOURG";"   2 (0.49%)    ";"   2 (0.74%)    ";"   0 (0.00%)    ";"         "
"    MDURG";"  225 (55.1%)   ";"  225 (82.7%)   ";"   0 (0.00%)    ";"         "
"    MED";"   2 (0.49%)    ";"   0 (0.00%)    ";"   2 (1.47%)    ";"         "
"    PSURG";"   1 (0.25%)    ";"   1 (0.37%)    ";"   0 (0.00%)    ";"         "
"    TOURG";"   13 (3.19%)   ";"   13 (4.78%)   ";"   0 (0.00%)    ";"         "
"    TRA";"  134 (32.8%)   ";"   0 (0.00%)    ";"  134 (98.5%)   ";"         "
"PES";"  67.4 (13.1)   ";"  68.5 (13.7)   ";"  65.0 (11.6)   ";"  0.098  "
"TALLA";"   154 (8.47)   ";"   154 (8.70)   ";"   152 (7.83)   ";"  0.262  "
"IMC";"28.1 [25.4;31.7]";"28.7 [25.5;32.1]";"27.4 [24.7;29.3]";"  0.136  "
"ALCOHOL:";"                ";"                ";"                ";"  0.197  "
"    0";"  379 (92.9%)   ";"  251 (92.3%)   ";"  128 (94.1%)   ";"         "
"    1";"   26 (6.37%)   ";"   20 (7.35%)   ";"   6 (4.41%)    ";"         "
"    2";"   3 (0.74%)    ";"   1 (0.37%)    ";"   2 (1.47%)    ";"         "
"Smoker:";"                ";"                ";"                ";"  0.756  "
"    0";"  362 (88.7%)   ";"  241 (88.6%)   ";"  121 (89.0%)   ";"         "
"    1";"   15 (3.68%)   ";"   9 (3.31%)    ";"   6 (4.41%)    ";"         "
"    2";"   31 (7.60%)   ";"   22 (8.09%)   ";"   9 (6.62%)    ";"         "
"Hipogonad: 0";"   408 (100%)   ";"   272 (100%)   ";"   136 (100%)   ";"    .    "
"Artritis_reumatoide:";"                ";"                ";"                ";"  1.000  "
"    0";"  404 (99.0%)   ";"  269 (98.9%)   ";"  135 (99.3%)   ";"         "
"    1";"   4 (0.98%)    ";"   3 (1.10%)    ";"   1 (0.74%)    ";"         "
"Fractura:";"                ";"                ";"                ";" <0.001  "
"    0";"  296 (72.5%)   ";"  218 (80.1%)   ";"   78 (57.4%)   ";"         "
"    1";"  112 (27.5%)   ";"   54 (19.9%)   ";"   58 (42.6%)   ";"         "
"NFractura";"  0.34 (0.69)   ";"  0.25 (0.64)   ";"  0.51 (0.75)   ";"  0.001  "
"FX_familia: 0";"   408 (100%)   ";"   272 (100%)   ";"   136 (100%)   ";"    .    "
"Diabetis:";"                ";"                ";"                ";"  0.473  "
"    0";"  281 (68.9%)   ";"  191 (70.2%)   ";"   90 (66.2%)   ";"         "
"    1";"  127 (31.1%)   ";"   81 (29.8%)   ";"   46 (33.8%)   ";"         "
"tipus_diabetis:";"                ";"                ";"                ";"  0.433  "
"    0";"  281 (68.9%)   ";"  191 (70.2%)   ";"   90 (66.2%)   ";"         "
"    1";"   2 (0.49%)    ";"   2 (0.74%)    ";"   0 (0.00%)    ";"         "
"    2";"  125 (30.6%)   ";"   79 (29.0%)   ";"   46 (33.8%)   ";"         "
"Densitometries:";"                ";"                ";"                ";"  0.201  "
"    0";"  390 (95.6%)   ";"  263 (96.7%)   ";"  127 (93.4%)   ";"         "
"    1";"   18 (4.41%)   ";"   9 (3.31%)    ";"   9 (6.62%)    ";"         "
"Osteporosi:";"                ";"                ";"                ";"  0.006  "
"    0";"  374 (91.7%)   ";"  257 (94.5%)   ";"  117 (86.0%)   ";"         "
"    1";"   34 (8.33%)   ";"   15 (5.51%)   ";"   19 (14.0%)   ";"         "
"neoplasia:";"                ";"                ";"                ";"  0.311  "
"    0";"  358 (87.7%)   ";"  235 (86.4%)   ";"  123 (90.4%)   ";"         "
"    1";"   50 (12.3%)   ";"   37 (13.6%)   ";"   13 (9.56%)   ";"         "
"HiperTiroidisme:";"                ";"                ";"                ";"  0.449  "
"    0";"  400 (98.0%)   ";"  268 (98.5%)   ";"  132 (97.1%)   ";"         "
"    1";"   8 (1.96%)    ";"   4 (1.47%)    ";"   4 (2.94%)    ";"         "
"Malnutricio:";"                ";"                ";"                ";"  0.690  "
"    0";"  401 (98.3%)   ";"  268 (98.5%)   ";"  133 (97.8%)   ";"         "
"    1";"   7 (1.72%)    ";"   4 (1.47%)    ";"   3 (2.21%)    ";"         "
"Malabsorcio:";"                ";"                ";"                ";"  1.000  "
"    0";"  407 (99.8%)   ";"  271 (99.6%)   ";"   136 (100%)   ";"         "
"    1";"   1 (0.25%)    ";"   1 (0.37%)    ";"   0 (0.00%)    ";"         "
"Malaltia_Hep_Cro:";"                ";"                ";"                ";"  0.517  "
"    0";"  397 (97.3%)   ";"  266 (97.8%)   ";"  131 (96.3%)   ";"         "
"    1";"   11 (2.70%)   ";"   6 (2.21%)    ";"   5 (3.68%)    ";"         "
"OthRiskFract:";"                ";"                ";"                ";"  0.751  "
"    0";"  334 (81.9%)   ";"  221 (81.2%)   ";"  113 (83.1%)   ";"         "
"    1";"   74 (18.1%)   ";"   51 (18.8%)   ";"   23 (16.9%)   ";"         "
"CountActualGE4:";"                ";"                ";"                ";"  0.967  "
"    0";"   94 (23.0%)   ";"   62 (22.8%)   ";"   32 (23.5%)   ";"         "
"    1";"  314 (77.0%)   ";"  210 (77.2%)   ";"  104 (76.5%)   ";"         "
